scenario,signal,seed,auc,spearman,det_lag,miss_rate,regime_gap
ar_noise_switch,ewacf_mean,0,0.9647741990974035,0.8018769312658062,21.5,0.14285714285714285,0.32465862101878207
ar_noise_switch,ewacf_max,0,0.9762479003501102,0.8216725575089142,3.0,0.0,0.4468723079088069
ar_noise_switch,mi_knn,0,0.8735125985125984,0.6463716677199774,27.0,0.0,0.389351133231116
ar_noise_switch,ks_shift,0,0.29878638648585454,-0.34856505444184255,30.0,0.5714285714285714,-0.08594906866183463
ar_noise_switch,ewacf_mean,1,0.9637039082874529,0.8023051492581396,25.5,0.14285714285714285,0.32625393503381206
ar_noise_switch,ewacf_max,1,0.9681925931292058,0.8100715167559583,16.0,0.0,0.4367822420465284
ar_noise_switch,mi_knn,1,0.8453982704909229,0.5953163504265788,36.0,0.0,0.36914513853490366
ar_noise_switch,ks_shift,1,0.3887103310420886,-0.19120723139178816,27.5,0.14285714285714285,-0.028945821409670086
ar_noise_switch,ewacf_mean,2,0.9594631783311028,0.7953099607972607,24.0,0.0,0.3382406751502197
ar_noise_switch,ewacf_max,2,0.9638597880107314,0.8029202931465123,3.0,0.0,0.4552513925413937
ar_noise_switch,mi_knn,2,0.8913516883116882,0.6778596897244572,23.0,0.0,0.42240029102563065
ar_noise_switch,ks_shift,2,0.2504452167550759,-0.43197949554548454,25.5,0.42857142857142855,-0.1027355405158222
ar_noise_switch,ewacf_mean,3,0.9686986075399437,0.8113792558107872,15.5,0.14285714285714285,0.3695051028727304
ar_noise_switch,ewacf_max,3,0.9806339076599752,0.8320408383507453,21.0,0.0,0.4893658404770571
ar_noise_switch,mi_knn,3,0.8588836252531491,0.6215364517184855,36.0,0.0,0.37913224568239623
ar_noise_switch,ks_shift,3,0.30474182940620426,-0.33796177884712103,38.0,0.42857142857142855,-0.0660716423800308
ar_noise_switch,ewacf_mean,4,0.9699730659690453,0.8112984140945774,17.0,0.0,0.3755731310636399
ar_noise_switch,ewacf_max,4,0.977502920443407,0.8242969440865389,3.0,0.0,0.4833934011573774
ar_noise_switch,mi_knn,4,0.8567136530716449,0.6174714735935657,29.0,0.0,0.39786702533205404
ar_noise_switch,ks_shift,4,0.3938595545394483,-0.18387479592718678,39.0,0.5714285714285714,-0.03889770872300591
phi_switch,ewacf_mean,0,0.9582551656446684,0.7906296146447298,26.5,0.14285714285714285,0.3062990491498743
phi_switch,ewacf_max,0,0.972779177544371,0.8156879551229155,2.0,0.0,0.41172534316778786
phi_switch,mi_knn,0,0.8570651570651571,0.6179093507419078,28.0,0.0,0.37512569623285286
phi_switch,ks_shift,0,0.3392155716623802,-0.27853260976470307,37.0,0.5714285714285714,-0.07319616553659111
phi_switch,ewacf_mean,1,0.95451600180302,0.7864081414166688,25.5,0.14285714285714285,0.3047672968223825
phi_switch,ewacf_max,1,0.9607485954151777,0.7971918373090293,22.0,0.0,0.4003546341694514
phi_switch,mi_knn,1,0.8515694936799513,0.6059502040200023,60.0,0.0,0.3606687716831967
phi_switch,ks_shift,1,0.39717548819676185,-0.17666509232500363,15.5,0.14285714285714285,-0.02482768127929419
phi_switch,ewacf_mean,2,0.9489823384163008,0.7771681013584271,25.0,0.14285714285714285,0.31519945998182514
phi_switch,ewacf_max,2,0.9603769815090569,0.7968917126908697,8.0,0.0,0.4236400585033031
phi_switch,mi_knn,2,0.9006344588744588,0.6938647554266287,33.0,0.0,0.40609253477287344
phi_switch,ks_shift,2,0.25122736418511066,-0.4306256105823438,28.5,0.42857142857142855,-0.10328082433997926
phi_switch,ewacf_mean,3,0.9561240778724309,0.789611082490734,16.0,0.14285714285714285,0.3402100095981123
phi_switch,ewacf_max,3,0.9766309336344547,0.8251111610828515,23.0,0.0,0.4414666106671835
phi_switch,mi_knn,3,0.8553286622837825,0.6153676387928029,50.0,0.0,0.35478873218457446
phi_switch,ks_shift,3,0.3059889242752871,-0.33581539892538376,30.0,0.42857142857142855,-0.06613217234460761
phi_switch,ewacf_mean,4,0.9674454263064042,0.8069350363556695,18.0,0.0,0.35790618459575074
phi_switch,ewacf_max,4,0.9766028452181419,0.8227431750395451,3.0,0.0,0.45557018399886434
phi_switch,mi_knn,4,0.8593623760959265,0.6220490680397849,23.0,0.0,0.3878634134171147
phi_switch,ks_shift,4,0.417941208183832,-0.14215999666531648,44.0,0.5714285714285714,-0.03074673069544806
mean_shift,ewacf_mean,0,,,1.5,0.7142857142857143,-0.044816799370558325
mean_shift,ewacf_max,0,,,0.0,0.5714285714285714,-0.034004835258538535
mean_shift,mi_knn,0,,,20.5,0.14285714285714285,-0.06467517511771559
mean_shift,ks_shift,0,,,62.0,0.0,0.06674908424908427
mean_shift,ewacf_mean,1,,,4.5,0.42857142857142855,-0.016553480973935386
mean_shift,ewacf_max,1,,,64.0,0.8571428571428571,-0.02808206959869944
mean_shift,mi_knn,1,,,20.0,0.0,-0.02007989654118697
mean_shift,ks_shift,1,,,62.5,0.14285714285714285,0.0017239794770384509
mean_shift,ewacf_mean,2,,,6.0,0.5714285714285714,-0.01090514150840649
mean_shift,ewacf_max,2,,,0.0,0.2857142857142857,-0.016397422999880423
mean_shift,mi_knn,2,,,21.0,0.0,-0.024434423326449073
mean_shift,ks_shift,2,,,53.0,0.0,0.047270385952076055
mean_shift,ewacf_mean,3,,,0.0,0.7142857142857143,0.01909255089212769
mean_shift,ewacf_max,3,,,0.0,0.2857142857142857,0.014595510974248022
mean_shift,mi_knn,3,,,6.0,0.0,0.007750111294469397
mean_shift,ks_shift,3,,,80.0,0.0,0.02478227314168474
mean_shift,ewacf_mean,4,,,15.0,0.8571428571428571,0.004646418865053348
mean_shift,ewacf_max,4,,,0.0,0.14285714285714285,0.005284295025601238
mean_shift,mi_knn,4,,,27.0,0.0,-0.02275596935010074
mean_shift,ks_shift,4,,,64.5,0.14285714285714285,0.05844322086900344
var_shift,ewacf_mean,0,,,50.0,0.8571428571428571,-0.03854535894395561
var_shift,ewacf_max,0,,,10.0,0.7142857142857143,-0.02596978090545618
var_shift,mi_knn,0,,,27.5,0.42857142857142855,-0.06747593667577917
var_shift,ks_shift,0,,,50.0,0.14285714285714285,0.02108974358974358
var_shift,ewacf_mean,1,,,18.0,0.5714285714285714,-0.021944612027507082
var_shift,ewacf_max,1,,,64.0,0.8571428571428571,-0.03174742401423916
var_shift,mi_knn,1,,,66.0,0.2857142857142857,-0.05266650659648664
var_shift,ks_shift,1,,,38.0,0.5714285714285714,0.01691440948949291
var_shift,ewacf_mean,2,,,60.0,0.5714285714285714,-0.012580518737244417
var_shift,ewacf_max,2,,,7.0,0.0,-0.011442661157891498
var_shift,mi_knn,2,,,22.5,0.7142857142857143,-0.002950200958848903
var_shift,ks_shift,2,,,56.0,0.42857142857142855,0.003225754527163005
var_shift,ewacf_mean,3,,,,1.0,0.021675614354163653
var_shift,ewacf_max,3,,,8.5,0.42857142857142855,0.016210887642328725
var_shift,mi_knn,3,,,26.0,0.2857142857142857,0.014125828356116976
var_shift,ks_shift,3,,,105.0,0.7142857142857143,0.020653832908999054
var_shift,ewacf_mean,4,,,8.0,0.7142857142857143,0.01847129718715096
var_shift,ewacf_max,4,,,0.0,0.2857142857142857,0.013097543337093953
var_shift,mi_knn,4,,,36.5,0.14285714285714285,-0.006379574825332579
var_shift,ks_shift,4,,,22.0,0.7142857142857143,0.015329378190493403
periodic_noise_switch,ewacf_mean,0,0.990638850100176,0.8465013252104117,6.0,0.0,0.35007722296656496
periodic_noise_switch,ewacf_max,0,0.990023627385506,0.8454398788459413,5.0,0.0,0.42373624222696393
periodic_noise_switch,mi_knn,0,0.8746198246198246,0.6482874275622126,21.0,0.0,0.29743459579179377
periodic_noise_switch,ks_shift,0,0.6387501461304652,0.24083562977646866,17.0,0.2857142857142857,0.018592081677188066
periodic_noise_switch,ewacf_mean,1,0.9866843648378891,0.8420661654868157,7.0,0.0,0.36259284051907426
periodic_noise_switch,ewacf_max,1,0.9857720387005378,0.8404876496608371,10.0,0.0,0.41931549638961696
periodic_noise_switch,mi_knn,1,0.8950869678089304,0.6809610628755918,30.0,0.0,0.31664259463134486
periodic_noise_switch,ks_shift,1,0.5333510999876406,0.05744877411082308,90.0,0.2857142857142857,0.0033185812663009545
periodic_noise_switch,ewacf_mean,2,0.989116041191513,0.8466377239193369,7.0,0.0,0.36474435387069426
periodic_noise_switch,ewacf_max,2,0.9850446408936974,0.8395903143648591,12.0,0.0,0.43593292749424134
periodic_noise_switch,mi_knn,2,0.8556211255411255,0.6159623119596438,39.0,0.0,0.2921884994321857
periodic_noise_switch,ks_shift,2,0.5747993415035668,0.12990515373143893,65.0,0.2857142857142857,0.005569953051643192
periodic_noise_switch,ewacf_mean,3,0.9902776301569605,0.8487353969411753,9.0,0.0,0.36488320910128663
periodic_noise_switch,ewacf_max,3,0.9874342647641547,0.8438131555275925,6.0,0.0,0.439399482444703
periodic_noise_switch,mi_knn,3,0.8552344543796839,0.6152196570423103,80.0,0.0,0.29622061300892116
periodic_noise_switch,ks_shift,3,0.5755341357090978,0.1310973302366089,117.0,0.42857142857142855,0.007696722140920348
periodic_noise_switch,ewacf_mean,4,0.990430446699602,0.8466132900843493,8.0,0.0,0.36705350016222754
periodic_noise_switch,ewacf_max,4,0.9894100919102644,0.8448518865437089,9.0,0.0,0.43373098931642645
periodic_noise_switch,mi_knn,4,0.8754876909264734,0.6499744578368544,47.0,0.0,0.3192506049693129
periodic_noise_switch,ks_shift,4,0.5342454045060343,0.05953667356971138,64.0,0.2857142857142857,0.0030016949081553834
seasonal_ar_switch,ewacf_mean,0,0.9620125270677757,0.797112206558514,17.0,0.0,0.22193571905073106
seasonal_ar_switch,ewacf_max,0,0.9783321190779756,0.8252684690346964,2.0,0.0,0.5371121012219178
seasonal_ar_switch,mi_knn,0,0.8934176934176934,0.6808176436332256,32.0,0.0,0.2756143540625723
seasonal_ar_switch,ks_shift,0,0.3579370762216507,-0.24624026881492295,47.0,0.5714285714285714,-0.030506975294209343
seasonal_ar_switch,ewacf_mean,1,0.9676691438069481,0.8091658394926936,15.0,0.14285714285714285,0.251812040511718
seasonal_ar_switch,ewacf_max,1,0.975735445040085,0.8231222347249745,5.0,0.0,0.5167862446433251
seasonal_ar_switch,mi_knn,1,0.8450290041894941,0.5946789856051556,40.0,0.0,0.22805984342347652
seasonal_ar_switch,ks_shift,1,0.362736997661219,-0.2359496980131846,45.0,0.5714285714285714,-0.022745437317183703
seasonal_ar_switch,ewacf_mean,2,0.9694644977663845,0.8126217919966477,25.0,0.0,0.24406284602968165
seasonal_ar_switch,ewacf_max,2,0.9778411525581336,0.8271214023685515,3.0,0.0,0.5379614238509551
seasonal_ar_switch,mi_knn,2,0.7958836363636363,0.5124748425927892,55.0,0.2857142857142857,0.19738693595721268
seasonal_ar_switch,ks_shift,2,0.3733952807755625,-0.21927292902842202,66.0,0.42857142857142855,-0.034317370892018806
seasonal_ar_switch,ewacf_mean,3,0.9780254792274268,0.8275253038369236,22.5,0.14285714285714285,0.24867886211199253
seasonal_ar_switch,ewacf_max,3,0.9818719123692676,0.8341839881387197,3.0,0.0,0.5537549620688026
seasonal_ar_switch,mi_knn,3,0.8317517488727608,0.5745506795535631,63.5,0.14285714285714285,0.2207117879081134
seasonal_ar_switch,ks_shift,3,0.4149721350410531,-0.1472609963848678,91.0,0.5714285714285714,-0.011917523507689515
seasonal_ar_switch,ewacf_mean,4,0.9550927656137909,0.7856110610604937,19.5,0.14285714285714285,0.24428359977556036
seasonal_ar_switch,ewacf_max,4,0.9719465604972095,0.8147051902121295,3.0,0.0,0.5159214747286579
seasonal_ar_switch,mi_knn,4,0.8536974370623193,0.6122582691357706,79.0,0.2857142857142857,0.25941541950804914
seasonal_ar_switch,ks_shift,4,0.3332481544825845,-0.2889902539794756,69.0,0.42857142857142855,-0.027556785169977338
off_grid_lag_switch,ewacf_mean,0,0.7385502043996519,0.411571697026872,35.0,0.14285714285714285,0.09071934230702072
off_grid_lag_switch,ewacf_max,0,0.6990198682532937,0.34336983749485356,43.0,0.2857142857142857,0.0925322837315653
off_grid_lag_switch,mi_knn,0,0.8592546342546342,0.6216976448512689,46.0,0.14285714285714285,0.16084861141013929
off_grid_lag_switch,ks_shift,0,0.3530446282440964,-0.25472844463777783,24.0,0.2857142857142857,-0.030852622554750228
off_grid_lag_switch,ewacf_mean,1,0.8070952159599473,0.5313392203200709,42.0,0.2857142857142857,0.1181705702170468
off_grid_lag_switch,ewacf_max,1,0.7786088573360379,0.4820518371198683,77.0,0.0,0.13922596271594045
off_grid_lag_switch,mi_knn,1,0.8042194829376589,0.5243443578955947,86.0,0.2857142857142857,0.1953725550215446
off_grid_lag_switch,ks_shift,1,0.3676673927821036,-0.2275169597520356,44.0,0.42857142857142855,-0.017142266335814754
off_grid_lag_switch,ewacf_mean,2,0.7760641873849421,0.47785461031672316,41.5,0.42857142857142855,0.10112720269372333
off_grid_lag_switch,ewacf_max,2,0.725920871581249,0.3910588008165294,42.0,0.14285714285714285,0.09959337579100669
off_grid_lag_switch,mi_knn,2,0.7026985281385283,0.3510768543276856,34.0,0.42857142857142855,0.08986841807749868
off_grid_lag_switch,ks_shift,2,0.283530272544357,-0.3748485975369874,92.0,0.2857142857142857,-0.06084394853972319
off_grid_lag_switch,ewacf_mean,3,0.7183024183933276,0.3779103478297332,32.0,0.42857142857142855,0.06602719198301377
off_grid_lag_switch,ewacf_max,3,0.670353041152161,0.29490363643413486,91.0,0.42857142857142855,0.0673698287142005
off_grid_lag_switch,mi_knn,3,0.7691893880891838,0.4662183071671922,70.5,0.14285714285714285,0.14316318119453741
off_grid_lag_switch,ks_shift,3,0.3374458677394415,-0.28146478761436006,30.0,0.2857142857142857,-0.02678791004952563
off_grid_lag_switch,ewacf_mean,4,0.7778860967689524,0.47970525539505515,36.5,0.42857142857142855,0.1082218846086076
off_grid_lag_switch,ewacf_max,4,0.749687993294667,0.43102783469152234,48.0,0.2857142857142857,0.11796025304196645
off_grid_lag_switch,mi_knn,4,0.7984708686230606,0.5166550551918111,66.5,0.14285714285714285,0.20827188093777393
off_grid_lag_switch,ks_shift,4,0.43804005655992573,-0.10739116255117648,59.0,0.2857142857142857,-0.011474014898555346
nonlinear_map_switch,ewacf_mean,0,0.47912682391273553,-0.03601258077731056,42.5,0.14285714285714285,-0.005316684051578813
nonlinear_map_switch,ewacf_max,0,0.4743703580029547,-0.04421893193076252,22.0,0.5714285714285714,-0.008751744001387896
nonlinear_map_switch,mi_knn,0,0.8784021534021534,0.6548331487006875,51.0,0.0,0.3188567340228478
nonlinear_map_switch,ks_shift,0,0.645732259761515,0.25301429817615095,6.0,0.5714285714285714,0.015147884030862757
nonlinear_map_switch,ewacf_mean,1,0.49142861167455487,-0.01483030198126497,58.0,0.5714285714285714,-0.00020399752188349218
nonlinear_map_switch,ewacf_max,1,0.4758088939598828,-0.04185569410858657,57.0,0.7142857142857143,-0.008487149139539962
nonlinear_map_switch,mi_knn,1,0.8657862462849572,0.6304535932399655,20.0,0.0,0.31863594442859644
nonlinear_map_switch,ks_shift,1,0.5695840820284647,0.1198207740144237,134.5,0.42857142857142855,0.006986672434392133
nonlinear_map_switch,ewacf_mean,2,0.4838658197148764,-0.02792753564687393,9.0,0.5714285714285714,-0.0009929917490660856
nonlinear_map_switch,ewacf_max,2,0.4842921858016198,-0.02718951525701479,59.5,0.7142857142857143,-0.00370119498434085
nonlinear_map_switch,mi_knn,2,0.9139594805194805,0.7169457328910407,19.0,0.0,0.3529463718885508
nonlinear_map_switch,ks_shift,2,0.4833334552771173,-0.028899987105759504,23.5,0.7142857142857143,-0.0027411499298823083
nonlinear_map_switch,ewacf_mean,3,0.5136876534471282,0.023695137749748605,59.0,0.42857142857142855,0.007216995081318123
nonlinear_map_switch,ewacf_max,3,0.5028676128972602,0.004964217049766971,73.0,0.2857142857142857,0.0032897440966527247
nonlinear_map_switch,mi_knn,3,0.8539155437223038,0.6129205635020947,49.0,0.0,0.31859588637421576
nonlinear_map_switch,ks_shift,3,0.5064440553534475,0.01117744901336164,51.0,0.2857142857142857,-0.0003986605147223016
nonlinear_map_switch,ewacf_mean,4,0.49469645455769845,-0.009155328928794594,55.0,0.5714285714285714,0.0019570500776748823
nonlinear_map_switch,ewacf_max,4,0.5005017123413149,0.0008660888385194009,71.5,0.7142857142857143,-9.314335201904278e-06
nonlinear_map_switch,mi_knn,4,0.8528112936002692,0.6107131487881067,45.0,0.0,0.33002413667769515
nonlinear_map_switch,ks_shift,4,0.5117993893421533,0.020482199041245357,,1.0,0.00029426395196945065
arch_switch,ewacf_mean,0,,,71.0,0.0,-0.0013771776099906763
arch_switch,ewacf_max,0,,,57.5,0.42857142857142855,0.0031023981295543734
arch_switch,mi_knn,0,,,4.0,0.5714285714285714,0.024516561180237817
arch_switch,ks_shift,0,,,110.0,0.2857142857142857,0.001546644844517192
arch_switch,ewacf_mean,1,,,27.5,0.14285714285714285,0.007915355504305666
arch_switch,ewacf_max,1,,,74.5,0.7142857142857143,0.012381521817675267
arch_switch,mi_knn,1,,,40.0,0.2857142857142857,0.05673909841098035
arch_switch,ks_shift,1,,,30.0,0.5714285714285714,0.006441630301474585
arch_switch,ewacf_mean,2,,,30.0,0.2857142857142857,0.009791193982820356
arch_switch,ewacf_max,2,,,52.0,0.14285714285714285,0.01832306352445523
arch_switch,mi_knn,2,,,0.0,0.8571428571428571,0.025549021425526952
arch_switch,ks_shift,2,,,48.0,0.7142857142857143,-0.010447850740808465
arch_switch,ewacf_mean,3,,,17.0,0.2857142857142857,0.0041573622294781565
arch_switch,ewacf_max,3,,,19.0,0.5714285714285714,0.0061469617415331745
arch_switch,mi_knn,3,,,90.5,0.7142857142857143,-0.008374143216129948
arch_switch,ks_shift,3,,,40.5,0.7142857142857143,0.005759958437977553
arch_switch,ewacf_mean,4,,,20.5,0.14285714285714285,0.004702140994446435
arch_switch,ewacf_max,4,,,41.5,0.14285714285714285,0.009201067850534761
arch_switch,mi_knn,4,,,26.0,0.7142857142857143,0.04332174999965044
arch_switch,ks_shift,4,,,34.0,0.2857142857142857,-0.013860269476857687
