dataset,architecture,window_size,best_val_loss
aqua_alta,lstm_vanilla_stateless_windowed,1,0.005646149627864361
aqua_alta,lstm_vanilla_stateless_windowed,2,0.0013997636269778013
aqua_alta,lstm_vanilla_stateless_windowed,4,0.0011296032462269068
aqua_alta,lstm_vanilla_stateless_windowed,8,0.0009537814185023308
aqua_alta,lstm_vanilla_stateless_windowed,16,0.0010131543967872858
aqua_alta,lstm_vanilla_stateless_windowed,32,0.0012171894777566195
aqua_alta,lstm_vanilla_stateless_windowed,64,0.0010256560053676367
aqua_alta,lstm_vanilla_stateless_windowed,128,0.0011216396233066916
aqua_alta,lstm_vanilla_windowed,1,0.0008530460434872576
aqua_alta,lstm_vanilla_windowed,2,0.0008887834397213328
aqua_alta,lstm_vanilla_windowed,4,0.0009502597730790363
aqua_alta,lstm_vanilla_windowed,8,0.000900653993448941
aqua_alta,lstm_vanilla_windowed,16,0.0010699803272849436
aqua_alta,lstm_vanilla_windowed,32,0.0010885023068908134
aqua_alta,lstm_vanilla_windowed,64,0.006003167856783595
aqua_alta,lstm_vanilla_windowed,128,0.04290251046954159
aqua_alta,lstm_vanilla_windowed_no_recurrence,1,0.005511620683686837
aqua_alta,lstm_vanilla_windowed_no_recurrence,2,0.0015469737460072814
aqua_alta,lstm_vanilla_windowed_no_recurrence,4,0.0012145716120245422
aqua_alta,lstm_vanilla_windowed_no_recurrence,8,0.0017359284101985395
aqua_alta,lstm_vanilla_windowed_no_recurrence,16,0.0020506471384914658
aqua_alta,lstm_vanilla_windowed_no_recurrence,32,0.0031982475146674835
aqua_alta,lstm_vanilla_windowed_no_recurrence,64,0.02112486443282086
aqua_alta,lstm_vanilla_windowed_no_recurrence,128,0.1907146510004284
ethernet_traffic,lstm_vanilla_stateless_windowed,1,0.5784268379211426
ethernet_traffic,lstm_vanilla_stateless_windowed,2,0.5542314648628235
ethernet_traffic,lstm_vanilla_stateless_windowed,4,0.5413945913314819
ethernet_traffic,lstm_vanilla_stateless_windowed,8,0.49788960814476013
ethernet_traffic,lstm_vanilla_stateless_windowed,16,0.4905719459056854
ethernet_traffic,lstm_vanilla_stateless_windowed,32,0.4197644591331482
ethernet_traffic,lstm_vanilla_stateless_windowed,64,0.3748110234737396
ethernet_traffic,lstm_vanilla_stateless_windowed,128,0.32552388310432434
ethernet_traffic,lstm_vanilla_windowed,1,0.46719138702387003
ethernet_traffic,lstm_vanilla_windowed,2,0.4722267445114544
ethernet_traffic,lstm_vanilla_windowed,4,0.4591050679051636
ethernet_traffic,lstm_vanilla_windowed,8,0.4818340540435669
ethernet_traffic,lstm_vanilla_windowed,16,0.4854362674108515
ethernet_traffic,lstm_vanilla_windowed,32,0.4119268643184447
ethernet_traffic,lstm_vanilla_windowed,64,0.35319222443139375
ethernet_traffic,lstm_vanilla_windowed,128,0.33441333883142066
ethernet_traffic,lstm_vanilla_windowed_no_recurrence,1,0.5770847943171435
ethernet_traffic,lstm_vanilla_windowed_no_recurrence,2,0.5486133109067993
ethernet_traffic,lstm_vanilla_windowed_no_recurrence,4,0.5330428917636008
ethernet_traffic,lstm_vanilla_windowed_no_recurrence,8,0.50216367271905
ethernet_traffic,lstm_vanilla_windowed_no_recurrence,16,0.4756768107516308
ethernet_traffic,lstm_vanilla_windowed_no_recurrence,32,0.44198787437988
ethernet_traffic,lstm_vanilla_windowed_no_recurrence,64,0.333069122910722
ethernet_traffic,lstm_vanilla_windowed_no_recurrence,128,0.3037978749153978
lbl_tcp_3,lstm_vanilla_stateless_windowed,1,0.2919609546661377
lbl_tcp_3,lstm_vanilla_stateless_windowed,2,0.29294559359550476
lbl_tcp_3,lstm_vanilla_stateless_windowed,4,0.2952512204647064
lbl_tcp_3,lstm_vanilla_stateless_windowed,8,0.2677144408226013
lbl_tcp_3,lstm_vanilla_stateless_windowed,16,0.27270156145095825
lbl_tcp_3,lstm_vanilla_stateless_windowed,32,0.2618905305862427
lbl_tcp_3,lstm_vanilla_stateless_windowed,64,0.2728193998336792
lbl_tcp_3,lstm_vanilla_stateless_windowed,128,0.2893296480178833
lbl_tcp_3,lstm_vanilla_windowed,1,0.2701847601933983
lbl_tcp_3,lstm_vanilla_windowed,2,0.274276390913632
lbl_tcp_3,lstm_vanilla_windowed,4,0.2731593863339229
lbl_tcp_3,lstm_vanilla_windowed,8,0.2756171627943195
lbl_tcp_3,lstm_vanilla_windowed,16,0.2869294128149636
lbl_tcp_3,lstm_vanilla_windowed,32,0.2992208209030956
lbl_tcp_3,lstm_vanilla_windowed,64,0.3070013388720026
lbl_tcp_3,lstm_vanilla_windowed,128,0.35865296713006095
lbl_tcp_3,lstm_vanilla_windowed_no_recurrence,1,0.29345981857503756
lbl_tcp_3,lstm_vanilla_windowed_no_recurrence,2,0.29396047441078027
lbl_tcp_3,lstm_vanilla_windowed_no_recurrence,4,0.2823537662763799
lbl_tcp_3,lstm_vanilla_windowed_no_recurrence,8,0.2764482469117241
lbl_tcp_3,lstm_vanilla_windowed_no_recurrence,16,0.28275903228922444
lbl_tcp_3,lstm_vanilla_windowed_no_recurrence,32,0.2951873690387561
lbl_tcp_3,lstm_vanilla_windowed_no_recurrence,64,0.30924996121705867
lbl_tcp_3,lstm_vanilla_windowed_no_recurrence,128,0.3415131820600574
mackey_glass,lstm_vanilla_stateless_windowed,1,0.02146109938621521
mackey_glass,lstm_vanilla_stateless_windowed,2,0.029398223385214806
mackey_glass,lstm_vanilla_stateless_windowed,4,0.004472315777093172
mackey_glass,lstm_vanilla_stateless_windowed,8,0.0033605953212827444
mackey_glass,lstm_vanilla_stateless_windowed,16,0.0009579302277415991
mackey_glass,lstm_vanilla_stateless_windowed,32,0.0003213068703189492
mackey_glass,lstm_vanilla_stateless_windowed,64,0.0006002872250974178
mackey_glass,lstm_vanilla_stateless_windowed,128,0.0005337533075362444
mackey_glass,lstm_vanilla_windowed,1,0.006055668705910747
mackey_glass,lstm_vanilla_windowed,2,0.006121738782247244
mackey_glass,lstm_vanilla_windowed,4,0.00584512521272824
mackey_glass,lstm_vanilla_windowed,8,0.0013826597750295278
mackey_glass,lstm_vanilla_windowed,16,0.0013605043296136701
mackey_glass,lstm_vanilla_windowed,32,0.0007912090288025969
mackey_glass,lstm_vanilla_windowed,64,0.0005936279069520373
mackey_glass,lstm_vanilla_windowed,128,0.0002926298676416162
mackey_glass,lstm_vanilla_windowed_no_recurrence,1,0.021053423337336327
mackey_glass,lstm_vanilla_windowed_no_recurrence,2,0.0006764868670932443
mackey_glass,lstm_vanilla_windowed_no_recurrence,4,0.0007321122273287828
mackey_glass,lstm_vanilla_windowed_no_recurrence,8,0.0005142730809780398
mackey_glass,lstm_vanilla_windowed_no_recurrence,16,0.00025969758353053566
mackey_glass,lstm_vanilla_windowed_no_recurrence,32,7.388428680572378e-05
mackey_glass,lstm_vanilla_windowed_no_recurrence,64,8.150258001533153e-05
mackey_glass,lstm_vanilla_windowed_no_recurrence,128,0.0001524536584203611
total_sunspots,lstm_vanilla_stateless_windowed,1,0.008345311507582664
total_sunspots,lstm_vanilla_stateless_windowed,2,0.024379948154091835
total_sunspots,lstm_vanilla_stateless_windowed,4,0.0040361834689974785
total_sunspots,lstm_vanilla_stateless_windowed,8,0.004434290807694197
total_sunspots,lstm_vanilla_stateless_windowed,16,0.004654028918594122
total_sunspots,lstm_vanilla_stateless_windowed,32,0.005951723549515009
total_sunspots,lstm_vanilla_stateless_windowed,64,0.006792628671973944
total_sunspots,lstm_vanilla_stateless_windowed,128,0.008561734110116959
total_sunspots,lstm_vanilla_windowed,1,0.0007838416794613529
total_sunspots,lstm_vanilla_windowed,2,0.0009857752746102787
total_sunspots,lstm_vanilla_windowed,4,0.0008239319946373195
total_sunspots,lstm_vanilla_windowed,8,0.0014273575059536288
total_sunspots,lstm_vanilla_windowed,16,0.002515579790061847
total_sunspots,lstm_vanilla_windowed,32,0.010598529315483506
total_sunspots,lstm_vanilla_windowed,64,0.011800187854978146
total_sunspots,lstm_vanilla_windowed,128,0.06466892976970046
total_sunspots,lstm_vanilla_windowed_no_recurrence,1,0.009826411750832303
total_sunspots,lstm_vanilla_windowed_no_recurrence,2,0.0012024164898321033
total_sunspots,lstm_vanilla_windowed_no_recurrence,4,0.0023018519267058246
total_sunspots,lstm_vanilla_windowed_no_recurrence,8,0.003669719608140641
total_sunspots,lstm_vanilla_windowed_no_recurrence,16,0.009602519748887345
total_sunspots,lstm_vanilla_windowed_no_recurrence,32,0.06318833187262538
total_sunspots,lstm_vanilla_windowed_no_recurrence,64,0.09402968492746078
total_sunspots,lstm_vanilla_windowed_no_recurrence,128,0.06671348856989204
